,success,steps,cumulated_reward,Q_loss_0,Q_loss_1,Q_loss_2
0,False,600,-596,0.22792257070541383,0.0,0.0
,success,steps,cumulated_reward,Q_loss_0,Q_loss_1,Q_loss_2
0,False,580,-566,0.18535784110426903,0.0,0.0
,success,steps,cumulated_reward,Q_loss_0,Q_loss_1,Q_loss_2
0,False,600,-576,0.1876142632216215,0.0,0.0
,success,steps,cumulated_reward,Q_loss_0,Q_loss_1,Q_loss_2
0,False,600,-593,0.18209544606506825,6.236235570907593,0.0
,success,steps,cumulated_reward,Q_loss_0,Q_loss_1,Q_loss_2
0,False,600,-567,0.16278499215841294,4.607070964574814,0.0
,success,steps,cumulated_reward,Q_loss_0,Q_loss_1,Q_loss_2
0,False,600,-600,0.15520198792219161,4.477539670467377,0.0
,success,steps,cumulated_reward,Q_loss_0,Q_loss_1,Q_loss_2
0,False,600,-567,0.1272226693108678,4.1256145477294925,0.0
,success,steps,cumulated_reward,Q_loss_0,Q_loss_1,Q_loss_2
0,False,600,-600,0.10365848150104284,4.621880894899368,0.0
,success,steps,cumulated_reward,Q_loss_0,Q_loss_1,Q_loss_2
0,False,600,-600,0.07684265859425068,3.808820140361786,0.0
,success,steps,cumulated_reward,Q_loss_0,Q_loss_1,Q_loss_2
0,False,600,-599,0.06935583604499698,2.3883323788642885,0.0
,success,steps,cumulated_reward,Q_loss_0,Q_loss_1,Q_loss_2
0,False,600,-595,0.07998796897009015,1.6743831604719162,0.0
,success,steps,cumulated_reward,Q_loss_0,Q_loss_1,Q_loss_2
0,False,600,-600,0.12714641951024533,4.485695487260818,0.0
,success,steps,cumulated_reward,Q_loss_0,Q_loss_1,Q_loss_2
0,False,600,-600,0.09211566001176834,3.9813076853752136,0.0
,success,steps,cumulated_reward,Q_loss_0,Q_loss_1,Q_loss_2
0,False,600,-595,0.0854227727279067,3.706318551301956,0.0
,success,steps,cumulated_reward,Q_loss_0,Q_loss_1,Q_loss_2
0,False,600,-597,0.08302466664463282,3.59438556432724,0.0
,success,steps,cumulated_reward,Q_loss_0,Q_loss_1,Q_loss_2
0,False,600,-558,0.07865061704069376,3.1857794493436815,0.0
,success,steps,cumulated_reward,Q_loss_0,Q_loss_1,Q_loss_2
0,False,600,-599,0.0774013778194785,4.982641875743866,0.0
,success,steps,cumulated_reward,Q_loss_0,Q_loss_1,Q_loss_2
0,False,600,-599,0.0775230273604393,5.780196404457092,0.0
,success,steps,cumulated_reward,Q_loss_0,Q_loss_1,Q_loss_2
0,False,600,-598,0.07324322611093521,4.693876874446869,0.0
,success,steps,cumulated_reward,Q_loss_0,Q_loss_1,Q_loss_2
0,False,600,-600,0.06943269222974777,4.078008973598481,0.0
,success,steps,cumulated_reward,Q_loss_0,Q_loss_1,Q_loss_2
0,False,600,-571,0.07162622064352035,3.4019879758358003,0.0
,success,steps,cumulated_reward,Q_loss_0,Q_loss_1,Q_loss_2
0,False,600,-569,0.07480571791529655,3.3484643638134,0.0
,success,steps,cumulated_reward,Q_loss_0,Q_loss_1,Q_loss_2
0,False,600,-590,0.07933058850467205,3.401174759864807,0.0
,success,steps,cumulated_reward,Q_loss_0,Q_loss_1,Q_loss_2
0,False,600,-600,0.08083490636199712,3.3495910584926607,0.0
,success,steps,cumulated_reward,Q_loss_0,Q_loss_1,Q_loss_2
0,False,600,-594,0.08070512600243092,2.9589805394411086,0.0
,success,steps,cumulated_reward,Q_loss_0,Q_loss_1,Q_loss_2
0,False,600,-572,0.07979417368769645,3.0748237669467926,0.0
,success,steps,cumulated_reward,Q_loss_0,Q_loss_1,Q_loss_2
0,False,600,-591,0.07882953230291605,3.215393900871277,0.0
,success,steps,cumulated_reward,Q_loss_0,Q_loss_1,Q_loss_2
0,False,600,-588,0.07989290710538625,3.0283965170383453,0.0
,success,steps,cumulated_reward,Q_loss_0,Q_loss_1,Q_loss_2
0,False,600,-594,0.08051228541880846,3.166932165622711,0.0
,success,steps,cumulated_reward,Q_loss_0,Q_loss_1,Q_loss_2
0,False,600,-587,0.07738392278552056,3.3923029959201814,6.559550201892852
,success,steps,cumulated_reward,Q_loss_0,Q_loss_1,Q_loss_2
0,False,600,-589,0.07966352980583906,3.413033974170685,4.10969386100769
,success,steps,cumulated_reward,Q_loss_0,Q_loss_1,Q_loss_2
0,False,600,-598,0.08097723983228207,3.6784907042980195,2.9240426063537597
,success,steps,cumulated_reward,Q_loss_0,Q_loss_1,Q_loss_2
0,False,600,-599,0.07839236911386252,3.7667148530483248,2.5136098206043243
,success,steps,cumulated_reward,Q_loss_0,Q_loss_1,Q_loss_2
0,False,600,-597,0.07683341316878796,3.8591978311538697,2.0606410622596742
,success,steps,cumulated_reward,Q_loss_0,Q_loss_1,Q_loss_2
0,False,600,-592,0.07825627699494361,4.043920874595642,1.6450620681047439
,success,steps,cumulated_reward,Q_loss_0,Q_loss_1,Q_loss_2
0,False,600,-599,0.07802077010273933,4.402020591497421,1.4344875261187553
,success,steps,cumulated_reward,Q_loss_0,Q_loss_1,Q_loss_2
0,False,600,-600,0.07725769672542811,4.464747798442841,1.148642508685589
,success,steps,cumulated_reward,Q_loss_0,Q_loss_1,Q_loss_2
0,False,600,-600,0.08287960514426232,4.59308443069458,0.9794127747416497
,success,steps,cumulated_reward,Q_loss_0,Q_loss_1,Q_loss_2
0,False,600,-598,0.08439446445554495,4.5183107316493984,0.8752963647246361
,success,steps,cumulated_reward,Q_loss_0,Q_loss_1,Q_loss_2
0,False,600,-600,0.07939811609685421,4.485500150918961,0.7889417052268982
,success,steps,cumulated_reward,Q_loss_0,Q_loss_1,Q_loss_2
0,False,600,-585,0.08338411208242177,4.672022652626038,0.5760474376380443
,success,steps,cumulated_reward,Q_loss_0,Q_loss_1,Q_loss_2
0,False,600,-588,0.08387228716164827,4.737926799058914,0.6460982024669647
,success,steps,cumulated_reward,Q_loss_0,Q_loss_1,Q_loss_2
0,False,600,-579,0.0884193105623126,4.779254668951035,0.643182735145092
,success,steps,cumulated_reward,Q_loss_0,Q_loss_1,Q_loss_2
0,False,600,-600,0.08698053900152444,4.918572348356247,0.511229395866394
,success,steps,cumulated_reward,Q_loss_0,Q_loss_1,Q_loss_2
0,False,600,-590,0.08393350206315517,4.628589475154877,0.4325600158423185
,success,steps,cumulated_reward,Q_loss_0,Q_loss_1,Q_loss_2
0,False,600,-598,0.08449105564504862,4.824962997436524,0.5194239795207978
,success,steps,cumulated_reward,Q_loss_0,Q_loss_1,Q_loss_2
0,False,600,-596,0.0860776338726282,4.8433529257774355,0.41204935126006603
,success,steps,cumulated_reward,Q_loss_0,Q_loss_1,Q_loss_2
0,False,600,-594,0.08892582636326551,5.569193464517594,0.3980514671653509
,success,steps,cumulated_reward,Q_loss_0,Q_loss_1,Q_loss_2
0,False,600,-568,0.09123300109058619,5.645586049556732,0.5905745521187782
,success,steps,cumulated_reward,Q_loss_0,Q_loss_1,Q_loss_2
0,False,600,-576,0.09042897820472717,6.155309641361237,0.4390785336494446
,success,steps,cumulated_reward,Q_loss_0,Q_loss_1,Q_loss_2
0,False,600,-586,0.08973401449620724,6.305153512954712,0.28570133447647095
,success,steps,cumulated_reward,Q_loss_0,Q_loss_1,Q_loss_2
0,False,600,-595,0.09265634641051293,6.2710758447647095,0.3036084223538637
,success,steps,cumulated_reward,Q_loss_0,Q_loss_1,Q_loss_2
0,False,600,-599,0.09362268149852752,6.391567850112915,0.21955622546374798
,success,steps,cumulated_reward,Q_loss_0,Q_loss_1,Q_loss_2
0,False,600,-600,0.09817677922546864,6.6510992527008055,0.3074800711125135
,success,steps,cumulated_reward,Q_loss_0,Q_loss_1,Q_loss_2
0,False,600,-599,0.09491615518927574,6.353878283500672,0.28853046894073486
,success,steps,cumulated_reward,Q_loss_0,Q_loss_1,Q_loss_2
0,False,600,-581,0.0946484325453639,5.955285453796387,0.27080262899398805
,success,steps,cumulated_reward,Q_loss_0,Q_loss_1,Q_loss_2
0,False,600,-583,0.09719619266688824,6.0856547355651855,0.2469330482184887
,success,steps,cumulated_reward,Q_loss_0,Q_loss_1,Q_loss_2
0,False,600,-577,0.0979438740760088,5.830359649658203,0.282532487437129
,success,steps,cumulated_reward,Q_loss_0,Q_loss_1,Q_loss_2
0,False,600,-582,0.10055821128189564,5.74669075012207,0.26742813773453233
,success,steps,cumulated_reward,Q_loss_0,Q_loss_1,Q_loss_2
0,False,600,-593,0.0986799918115139,5.862243556976319,0.3181137528270483
,success,steps,cumulated_reward,Q_loss_0,Q_loss_1,Q_loss_2
0,False,600,-593,0.10420415829867125,5.711935192346573,0.3050790823996067
,success,steps,cumulated_reward,Q_loss_0,Q_loss_1,Q_loss_2
0,False,600,-599,0.10541422758251429,5.845747029781341,0.2732202231884003
,success,steps,cumulated_reward,Q_loss_0,Q_loss_1,Q_loss_2
0,False,600,-593,0.10823305994272232,5.580391216278076,0.22236191146075726
,success,steps,cumulated_reward,Q_loss_0,Q_loss_1,Q_loss_2
0,False,600,-599,0.107795056886971,5.685111832618714,0.27629675939679144
,success,steps,cumulated_reward,Q_loss_0,Q_loss_1,Q_loss_2
0,False,600,-597,0.10747572518885136,5.719101786613464,0.26287162601947783
,success,steps,cumulated_reward,Q_loss_0,Q_loss_1,Q_loss_2
0,False,600,-572,0.11076498534530402,5.585723865032196,0.32003866620361804
,success,steps,cumulated_reward,Q_loss_0,Q_loss_1,Q_loss_2
0,False,600,-592,0.11331143025308847,5.542599862813949,0.279244289547205
,success,steps,cumulated_reward,Q_loss_0,Q_loss_1,Q_loss_2
0,False,600,-598,0.11246273312717676,5.7881094455719,0.2525495454668999
,success,steps,cumulated_reward,Q_loss_0,Q_loss_1,Q_loss_2
0,False,600,-580,0.11766534317284823,5.314289319515228,0.22658044286072254
,success,steps,cumulated_reward,Q_loss_0,Q_loss_1,Q_loss_2
0,False,600,-587,0.11609089951962233,5.484534215927124,0.22285529263317586
,success,steps,cumulated_reward,Q_loss_0,Q_loss_1,Q_loss_2
0,False,600,-586,0.11929057445377111,5.472433489561081,0.22284736372530461
,success,steps,cumulated_reward,Q_loss_0,Q_loss_1,Q_loss_2
0,False,600,-598,0.1170831449329853,5.4645017862319945,0.2642220873385668
,success,steps,cumulated_reward,Q_loss_0,Q_loss_1,Q_loss_2
0,False,600,-563,0.11855529677122831,5.1907240688800815,0.4282449383288622
,success,steps,cumulated_reward,Q_loss_0,Q_loss_1,Q_loss_2
0,False,600,-598,0.12586772441864014,5.415062665939331,0.4898973111063242
,success,steps,cumulated_reward,Q_loss_0,Q_loss_1,Q_loss_2
0,False,600,-572,0.12372938748449087,5.581902414560318,0.48783810399472716
,success,steps,cumulated_reward,Q_loss_0,Q_loss_1,Q_loss_2
0,False,600,-597,0.1254965987056494,5.409781563282013,0.5976208239793778
,success,steps,cumulated_reward,Q_loss_0,Q_loss_1,Q_loss_2
0,False,600,-599,0.13216037284582854,5.667903506755829,0.5248675394803286
,success,steps,cumulated_reward,Q_loss_0,Q_loss_1,Q_loss_2
0,False,600,-596,0.1395758679136634,4.669893378019333,0.4195228546857834
,success,steps,cumulated_reward,Q_loss_0,Q_loss_1,Q_loss_2
0,False,600,-597,0.13327139057219028,4.427954202890396,0.36786084808409214
,success,steps,cumulated_reward,Q_loss_0,Q_loss_1,Q_loss_2
0,False,600,-599,0.13380131255835295,4.3495301604270935,0.3461371250450611
,success,steps,cumulated_reward,Q_loss_0,Q_loss_1,Q_loss_2
0,False,600,-588,0.13722986169159412,4.594903016090393,0.38248383328318597
,success,steps,cumulated_reward,Q_loss_0,Q_loss_1,Q_loss_2
0,False,600,-578,0.13870723284780978,4.48463072180748,0.394796035438776
,success,steps,cumulated_reward,Q_loss_0,Q_loss_1,Q_loss_2
0,False,600,-600,0.14080118127167224,4.757069957256317,0.3850025836378336
,success,steps,cumulated_reward,Q_loss_0,Q_loss_1,Q_loss_2
0,False,600,-587,0.1423682037740946,4.706404560804367,0.3937413666397333
,success,steps,cumulated_reward,Q_loss_0,Q_loss_1,Q_loss_2
0,False,600,-590,0.1423156399279833,4.793373000621796,0.39834403470158575
,success,steps,cumulated_reward,Q_loss_0,Q_loss_1,Q_loss_2
0,False,600,-596,0.14366086833178998,4.724601256847381,0.37423461563885213
,success,steps,cumulated_reward,Q_loss_0,Q_loss_1,Q_loss_2
0,False,600,-578,0.1453335750848055,4.701365029811859,0.4038616742938757
,success,steps,cumulated_reward,Q_loss_0,Q_loss_1,Q_loss_2
0,False,600,-590,0.14708310067653657,4.718946379423142,0.4186150040477514
,success,steps,cumulated_reward,Q_loss_0,Q_loss_1,Q_loss_2
0,False,600,-596,0.14416444748640062,4.805544233322143,0.3919711593538523
,success,steps,cumulated_reward,Q_loss_0,Q_loss_1,Q_loss_2
0,False,600,-588,0.15296568684279918,4.965541028976441,0.43790887147188184
,success,steps,cumulated_reward,Q_loss_0,Q_loss_1,Q_loss_2
0,False,600,-584,0.15518439561128616,4.836724871397019,0.4655241448432207
,success,steps,cumulated_reward,Q_loss_0,Q_loss_1,Q_loss_2
0,False,600,-589,0.16009013056755067,4.789570236206055,0.5497951284050941
,success,steps,cumulated_reward,Q_loss_0,Q_loss_1,Q_loss_2
0,False,600,-588,0.1540880508720875,5.033891814947128,0.486466470733285
,success,steps,cumulated_reward,Q_loss_0,Q_loss_1,Q_loss_2
0,False,600,-600,0.1597089681774378,4.734241670370102,0.5469076432287693
,success,steps,cumulated_reward,Q_loss_0,Q_loss_1,Q_loss_2
0,False,600,-599,0.16023974269628524,4.920658880472184,0.5013037122786045
,success,steps,cumulated_reward,Q_loss_0,Q_loss_1,Q_loss_2
0,False,600,-595,0.16376663334667682,4.917040014266968,0.4586438946425915
,success,steps,cumulated_reward,Q_loss_0,Q_loss_1,Q_loss_2
0,False,600,-599,0.16281733587384223,5.01190904378891,0.41735761128365995
,success,steps,cumulated_reward,Q_loss_0,Q_loss_1,Q_loss_2
0,False,600,-596,0.17157404832541942,5.001259958744049,0.3500856626778841
,success,steps,cumulated_reward,Q_loss_0,Q_loss_1,Q_loss_2
0,False,600,-595,0.16827289424836636,5.293110167980194,0.3816770389676094
,success,steps,cumulated_reward,Q_loss_0,Q_loss_1,Q_loss_2
0,False,600,-600,0.169996627420187,5.4249463140964505,0.3730702426284552
,success,steps,cumulated_reward,Q_loss_0,Q_loss_1,Q_loss_2
0,False,600,-597,0.1688274025917053,5.501850444078445,0.3481685720384121
,success,steps,cumulated_reward,Q_loss_0,Q_loss_1,Q_loss_2
0,False,600,-598,0.17124650962650775,6.006037199497223,0.3644853599369526
,success,steps,cumulated_reward,Q_loss_0,Q_loss_1,Q_loss_2
0,False,600,-590,0.18052480481564998,6.0055156469345095,0.40461454130709174
,success,steps,cumulated_reward,Q_loss_0,Q_loss_1,Q_loss_2
0,False,600,-596,0.1770803678780794,6.036359214782715,0.4767304614186287
,success,steps,cumulated_reward,Q_loss_0,Q_loss_1,Q_loss_2
0,False,600,-597,0.17288955487310886,6.00440559387207,0.452270133793354
,success,steps,cumulated_reward,Q_loss_0,Q_loss_1,Q_loss_2
0,False,600,-577,0.17032884247601032,6.303393006324768,0.4840978801250458
,success,steps,cumulated_reward,Q_loss_0,Q_loss_1,Q_loss_2
0,False,600,-597,0.1749533388763666,6.377212572097778,0.43931479603052137
,success,steps,cumulated_reward,Q_loss_0,Q_loss_1,Q_loss_2
0,False,600,-596,0.17860037870705128,6.433799254894256,0.4214341387152672
,success,steps,cumulated_reward,Q_loss_0,Q_loss_1,Q_loss_2
0,False,600,-599,0.17925729900598525,6.489153122901916,0.40567846968770027
,success,steps,cumulated_reward,Q_loss_0,Q_loss_1,Q_loss_2
0,False,600,-597,0.17680444046854973,6.535459625720978,0.436983247846365
,success,steps,cumulated_reward,Q_loss_0,Q_loss_1,Q_loss_2
0,False,600,-599,0.17937520928680897,6.8144968271255495,0.48591540530323984
,success,steps,cumulated_reward,Q_loss_0,Q_loss_1,Q_loss_2
0,False,600,-600,0.17708760648965835,7.100914049148559,0.42822218388319017
,success,steps,cumulated_reward,Q_loss_0,Q_loss_1,Q_loss_2
0,False,600,-590,0.17771949246525764,6.809484386444092,0.4409872155636549
,success,steps,cumulated_reward,Q_loss_0,Q_loss_1,Q_loss_2
0,False,600,-599,0.18293316960334777,6.965485334396362,0.4591627586632967
,success,steps,cumulated_reward,Q_loss_0,Q_loss_1,Q_loss_2
0,False,600,-594,0.18221712931990625,6.988825702667237,0.41445612870156767
,success,steps,cumulated_reward,Q_loss_0,Q_loss_1,Q_loss_2
0,False,600,-596,0.18310099504888058,7.075580430030823,0.4265015158802271
,success,steps,cumulated_reward,Q_loss_0,Q_loss_1,Q_loss_2
0,False,600,-599,0.18338859230279922,7.125388741493225,0.43945345617830756
,success,steps,cumulated_reward,Q_loss_0,Q_loss_1,Q_loss_2
0,False,600,-595,0.1814941678196192,7.235882806777954,0.4520037919282913
,success,steps,cumulated_reward,Q_loss_0,Q_loss_1,Q_loss_2
0,False,600,-596,0.18064977526664733,7.107154488563538,0.3832102622836828
,success,steps,cumulated_reward,Q_loss_0,Q_loss_1,Q_loss_2
0,False,600,-598,0.1851166184991598,7.411757016181946,0.3443706393241882
,success,steps,cumulated_reward,Q_loss_0,Q_loss_1,Q_loss_2
0,False,600,-594,0.1842014342546463,7.312821805477142,0.35343154780566693
,success,steps,cumulated_reward,Q_loss_0,Q_loss_1,Q_loss_2
0,False,600,-590,0.19109517931938172,7.5219214916229244,0.41444497294723986
,success,steps,cumulated_reward,Q_loss_0,Q_loss_1,Q_loss_2
0,False,600,-592,0.18463274389505385,7.739277482032776,0.3558305352926254
,success,steps,cumulated_reward,Q_loss_0,Q_loss_1,Q_loss_2
0,False,600,-585,0.19160137102007865,7.875809609889984,0.37625571005046365
,success,steps,cumulated_reward,Q_loss_0,Q_loss_1,Q_loss_2
0,False,600,-597,0.1840173002332449,7.918109929561615,0.3739460203796625
,success,steps,cumulated_reward,Q_loss_0,Q_loss_1,Q_loss_2
0,False,600,-599,0.1838600594550371,7.839806628227234,0.34643592983484267
,success,steps,cumulated_reward,Q_loss_0,Q_loss_1,Q_loss_2
0,False,600,-596,0.18133753277361392,7.968391871452331,0.34526607729494574
,success,steps,cumulated_reward,Q_loss_0,Q_loss_1,Q_loss_2
0,False,600,-585,0.19315831251442434,7.9042827725410465,0.3668057333678007
,success,steps,cumulated_reward,Q_loss_0,Q_loss_1,Q_loss_2
0,False,600,-595,0.1917500052601099,7.843129587173462,0.339808539301157
,success,steps,cumulated_reward,Q_loss_0,Q_loss_1,Q_loss_2
0,False,600,-599,0.18700810745358468,7.888310074806213,0.3431898605078459
,success,steps,cumulated_reward,Q_loss_0,Q_loss_1,Q_loss_2
0,False,600,-568,0.19160575233399868,7.924490571022034,0.3715778194367886
,success,steps,cumulated_reward,Q_loss_0,Q_loss_1,Q_loss_2
0,False,600,-596,0.19104178585112094,7.533154356479645,0.38288469053804874
,success,steps,cumulated_reward,Q_loss_0,Q_loss_1,Q_loss_2
0,False,600,-583,0.19819478131830692,7.789727568626404,0.3766263142228127
,success,steps,cumulated_reward,Q_loss_0,Q_loss_1,Q_loss_2
0,False,600,-576,0.1952402800321579,7.739215219020844,0.4516068767756224
,success,steps,cumulated_reward,Q_loss_0,Q_loss_1,Q_loss_2
0,False,600,-590,0.19265101812779903,8.14087518453598,0.4484265439212322
,success,steps,cumulated_reward,Q_loss_0,Q_loss_1,Q_loss_2
0,False,600,-587,0.19462398812174797,8.130694580078124,0.479085835814476
,success,steps,cumulated_reward,Q_loss_0,Q_loss_1,Q_loss_2
0,False,600,-583,0.19695040211081505,7.847451710700989,0.4670251987874508
,success,steps,cumulated_reward,Q_loss_0,Q_loss_1,Q_loss_2
0,False,600,-599,0.19472733587026597,7.853988599777222,0.40680408850312233
,success,steps,cumulated_reward,Q_loss_0,Q_loss_1,Q_loss_2
0,False,600,-597,0.19781688190996646,7.8874826669693,0.44163062870502473
,success,steps,cumulated_reward,Q_loss_0,Q_loss_1,Q_loss_2
0,False,600,-579,0.20210576429963112,8.19865803718567,0.4380032330751419
,success,steps,cumulated_reward,Q_loss_0,Q_loss_1,Q_loss_2
0,False,600,-596,0.20199273191392422,8.096546053886414,0.40006400272250175
,success,steps,cumulated_reward,Q_loss_0,Q_loss_1,Q_loss_2
0,False,600,-593,0.20315757393836975,7.869136488437652,0.38451990969479083
,success,steps,cumulated_reward,Q_loss_0,Q_loss_1,Q_loss_2
0,False,600,-593,0.2042764849960804,7.900603115558624,0.39363987520337107
,success,steps,cumulated_reward,Q_loss_0,Q_loss_1,Q_loss_2
0,False,600,-590,0.20234361216425895,7.791315746307373,0.46067212149500847
,success,steps,cumulated_reward,Q_loss_0,Q_loss_1,Q_loss_2
0,False,600,-589,0.20452007614076137,8.081426584720612,0.4907898992300034
,success,steps,cumulated_reward,Q_loss_0,Q_loss_1,Q_loss_2
0,False,600,-599,0.20578355975449086,8.377721273899079,0.4696933627128601
,success,steps,cumulated_reward,Q_loss_0,Q_loss_1,Q_loss_2
0,False,600,-589,0.20822538137435914,8.223993611335754,0.48274035677313804
,success,steps,cumulated_reward,Q_loss_0,Q_loss_1,Q_loss_2
0,False,600,-581,0.19875334948301315,8.064171528816223,0.48276486098766325
,success,steps,cumulated_reward,Q_loss_0,Q_loss_1,Q_loss_2
0,False,600,-594,0.20598982833325863,8.167615044116975,0.4388479970395565
,success,steps,cumulated_reward,Q_loss_0,Q_loss_1,Q_loss_2
0,False,600,-600,0.2076997272670269,8.176207375526428,0.4097621116787195
,success,steps,cumulated_reward,Q_loss_0,Q_loss_1,Q_loss_2
0,False,600,-592,0.20436992160975934,8.376679146289826,0.4271814405918121
,success,steps,cumulated_reward,Q_loss_0,Q_loss_1,Q_loss_2
0,False,600,-582,0.20845651552081107,8.139897620677948,0.4256195791065693
,success,steps,cumulated_reward,Q_loss_0,Q_loss_1,Q_loss_2
0,True,64,-61,0.21280511766672133,8.35982381105423,0.349811203032732
,success,steps,cumulated_reward,Q_loss_0,Q_loss_1,Q_loss_2
0,False,600,-585,0.2056369822472334,8.386237168312073,0.40291421599686145
,success,steps,cumulated_reward,Q_loss_0,Q_loss_1,Q_loss_2
0,False,600,-595,0.20969772785902024,8.311137270927428,0.3761165026575327
,success,steps,cumulated_reward,Q_loss_0,Q_loss_1,Q_loss_2
0,False,600,-596,0.21358168125152588,8.300992155075074,0.34875063337385653
,success,steps,cumulated_reward,Q_loss_0,Q_loss_1,Q_loss_2
0,False,600,-592,0.2053668610751629,8.233150839805603,0.37993137650191783
,success,steps,cumulated_reward,Q_loss_0,Q_loss_1,Q_loss_2
0,False,600,-587,0.2077261194586754,8.198968756198884,0.3810486849397421
,success,steps,cumulated_reward,Q_loss_0,Q_loss_1,Q_loss_2
0,False,600,-595,0.2142641182988882,8.323798012733459,0.3370343457907438
,success,steps,cumulated_reward,Q_loss_0,Q_loss_1,Q_loss_2
0,False,600,-595,0.211183163151145,8.653074836730957,0.32565173618495463
,success,steps,cumulated_reward,Q_loss_0,Q_loss_1,Q_loss_2
0,False,600,-590,0.2195070069283247,8.377669858932496,0.34379648715257644
,success,steps,cumulated_reward,Q_loss_0,Q_loss_1,Q_loss_2
0,False,600,-593,0.21505563221871854,8.541194081306458,0.3212428469210863
,success,steps,cumulated_reward,Q_loss_0,Q_loss_1,Q_loss_2
0,False,600,-599,0.21263519078493118,8.562260174751282,0.2958231020718813
,success,steps,cumulated_reward,Q_loss_0,Q_loss_1,Q_loss_2
0,False,600,-598,0.20946385338902473,8.368273413181305,0.32303256280720233
,success,steps,cumulated_reward,Q_loss_0,Q_loss_1,Q_loss_2
0,False,600,-596,0.210924069955945,8.139477372169495,0.38418085537850855
,success,steps,cumulated_reward,Q_loss_0,Q_loss_1,Q_loss_2
0,False,600,-600,0.2156213104724884,8.465145695209504,0.3475678045302629
,success,steps,cumulated_reward,Q_loss_0,Q_loss_1,Q_loss_2
0,False,600,-581,0.21300878897309303,8.257934522628783,0.34776653833687304
,success,steps,cumulated_reward,Q_loss_0,Q_loss_1,Q_loss_2
0,False,600,-579,0.21972942724823952,8.647501921653747,0.3428279798477888
,success,steps,cumulated_reward,Q_loss_0,Q_loss_1,Q_loss_2
0,False,600,-595,0.21466417722404002,8.446460032463074,0.34390602335333825
,success,steps,cumulated_reward,Q_loss_0,Q_loss_1,Q_loss_2
0,False,600,-593,0.2291143849492073,8.704213178157806,0.3636471126228571
,success,steps,cumulated_reward,Q_loss_0,Q_loss_1,Q_loss_2
0,False,600,-596,0.22365110404789448,8.42508465051651,0.3418445158749819
,success,steps,cumulated_reward,Q_loss_0,Q_loss_1,Q_loss_2
0,False,600,-586,0.22420633323490619,8.491920483112334,0.3604042802006006
,success,steps,cumulated_reward,Q_loss_0,Q_loss_1,Q_loss_2
0,False,600,-595,0.21913547813892365,8.522557389736175,0.37628008276224134
,success,steps,cumulated_reward,Q_loss_0,Q_loss_1,Q_loss_2
0,False,600,-565,0.22027497217059136,8.58980085849762,0.3889115031808615
,success,steps,cumulated_reward,Q_loss_0,Q_loss_1,Q_loss_2
0,False,600,-595,0.21807409599423408,8.427798461914062,0.3474829938262701
,success,steps,cumulated_reward,Q_loss_0,Q_loss_1,Q_loss_2
0,True,22,-21,0.2341704022139311,8.44860508441925,0.355951764062047
,success,steps,cumulated_reward,Q_loss_0,Q_loss_1,Q_loss_2
0,False,600,-561,0.23338978476822375,8.49371155500412,0.3624322522431612
,success,steps,cumulated_reward,Q_loss_0,Q_loss_1,Q_loss_2
0,False,600,-594,0.2210334226489067,8.321451771259309,0.3645487379282713
,success,steps,cumulated_reward,Q_loss_0,Q_loss_1,Q_loss_2
0,False,600,-596,0.23271380960941315,8.469306576251984,0.3640255551785231
,success,steps,cumulated_reward,Q_loss_0,Q_loss_1,Q_loss_2
0,False,600,-590,0.2293835747987032,8.331808459758758,0.3398983761668205
,success,steps,cumulated_reward,Q_loss_0,Q_loss_1,Q_loss_2
0,False,600,-588,0.23438224606215954,8.393568921089173,0.34416595809161665
,success,steps,cumulated_reward,Q_loss_0,Q_loss_1,Q_loss_2
0,False,600,-595,0.2399370428174734,8.333587062358855,0.3349931951612234
,success,steps,cumulated_reward,Q_loss_0,Q_loss_1,Q_loss_2
0,False,600,-591,0.23276656717061997,8.381722140312196,0.37048817425966263
,success,steps,cumulated_reward,Q_loss_0,Q_loss_1,Q_loss_2
0,False,600,-591,0.23822119720280172,8.461528301239014,0.35211087130010127
,success,steps,cumulated_reward,Q_loss_0,Q_loss_1,Q_loss_2
0,False,600,-582,0.23713563978672028,8.539278531074524,0.4096961446106434
,success,steps,cumulated_reward,Q_loss_0,Q_loss_1,Q_loss_2
0,False,600,-597,0.2294353622943163,8.546722459793092,0.3747216936200857
,success,steps,cumulated_reward,Q_loss_0,Q_loss_1,Q_loss_2
0,False,600,-586,0.24380331262946128,8.298478889465333,0.3760683726519346
,success,steps,cumulated_reward,Q_loss_0,Q_loss_1,Q_loss_2
0,False,600,-587,0.23539428301155568,8.437082076072693,0.3472188085317612
,success,steps,cumulated_reward,Q_loss_0,Q_loss_1,Q_loss_2
0,False,600,-596,0.23841340690851212,8.375507044792176,0.3640879638493061
,success,steps,cumulated_reward,Q_loss_0,Q_loss_1,Q_loss_2
0,False,600,-593,0.23935996145009994,8.36367599964142,0.33997503817081454
,success,steps,cumulated_reward,Q_loss_0,Q_loss_1,Q_loss_2
0,False,600,-596,0.2437743291258812,8.35450849533081,0.34799098297953607
,success,steps,cumulated_reward,Q_loss_0,Q_loss_1,Q_loss_2
0,False,600,-600,0.2412551287561655,8.349481284618378,0.3824527181684971
,success,steps,cumulated_reward,Q_loss_0,Q_loss_1,Q_loss_2
0,False,600,-592,0.23707705847918986,8.26458820104599,0.4184644348919392
,success,steps,cumulated_reward,Q_loss_0,Q_loss_1,Q_loss_2
0,False,600,-592,0.23903302177786828,8.399905061721801,0.346908862516284
,success,steps,cumulated_reward,Q_loss_0,Q_loss_1,Q_loss_2
0,False,600,-599,0.23758117705583573,8.411954367160797,0.338009924441576
,success,steps,cumulated_reward,Q_loss_0,Q_loss_1,Q_loss_2
0,False,600,-579,0.23531621880829334,8.574843859672546,0.35223324336111544
,success,steps,cumulated_reward,Q_loss_0,Q_loss_1,Q_loss_2
0,False,600,-596,0.23468399606645107,8.581128263473511,0.3399470318108797
,success,steps,cumulated_reward,Q_loss_0,Q_loss_1,Q_loss_2
0,False,600,-579,0.24387987926602364,8.652727961540222,0.34586324281990527
,success,steps,cumulated_reward,Q_loss_0,Q_loss_1,Q_loss_2
0,False,600,-581,0.2448291528970003,8.592331159114838,0.32487048432230947
,success,steps,cumulated_reward,Q_loss_0,Q_loss_1,Q_loss_2
0,False,600,-599,0.236881435289979,8.418732750415803,0.35504368618130683
,success,steps,cumulated_reward,Q_loss_0,Q_loss_1,Q_loss_2
0,False,600,-595,0.24453283175826074,8.47877025604248,0.3356704249978065
,success,steps,cumulated_reward,Q_loss_0,Q_loss_1,Q_loss_2
0,False,600,-597,0.2572712741792202,8.838949716091156,0.32304224744439125
,success,steps,cumulated_reward,Q_loss_0,Q_loss_1,Q_loss_2
0,False,600,-598,0.2507225465029478,8.482624232769012,0.2994840644299984
,success,steps,cumulated_reward,Q_loss_0,Q_loss_1,Q_loss_2
0,False,600,-594,0.24392459839582442,8.518164443969727,0.3569072596728802
,success,steps,cumulated_reward,Q_loss_0,Q_loss_1,Q_loss_2
0,False,600,-589,0.24333989694714547,8.529064869880676,0.36693043895065786
,success,steps,cumulated_reward,Q_loss_0,Q_loss_1,Q_loss_2
0,False,600,-590,0.24940119199454786,8.62455449104309,0.38724962063133717
,success,steps,cumulated_reward,Q_loss_0,Q_loss_1,Q_loss_2
0,False,600,-592,0.25054167583584785,8.517769455909729,0.3986269531771541
,success,steps,cumulated_reward,Q_loss_0,Q_loss_1,Q_loss_2
0,False,600,-588,0.2500909764319658,8.6644788980484,0.35286534652113916
,success,steps,cumulated_reward,Q_loss_0,Q_loss_1,Q_loss_2
0,False,600,-598,0.24695764519274235,8.427494418621063,0.3772498857229948
,success,steps,cumulated_reward,Q_loss_0,Q_loss_1,Q_loss_2
0,False,600,-583,0.2517150830477476,8.398488366603852,0.4173341028392315
,success,steps,cumulated_reward,Q_loss_0,Q_loss_1,Q_loss_2
0,False,600,-592,0.25823191218078134,8.692605638504029,0.3830254029482603
,success,steps,cumulated_reward,Q_loss_0,Q_loss_1,Q_loss_2
0,False,600,-593,0.2520250201225281,8.801749551296234,0.41431510597467425
,success,steps,cumulated_reward,Q_loss_0,Q_loss_1,Q_loss_2
0,False,600,-588,0.2660820111632347,9.01125726699829,0.44834516644477845
,success,steps,cumulated_reward,Q_loss_0,Q_loss_1,Q_loss_2
0,False,600,-566,0.25005055256187914,8.724820005893708,0.40135945826768876
,success,steps,cumulated_reward,Q_loss_0,Q_loss_1,Q_loss_2
0,False,600,-564,0.2524277430027723,8.822343289852142,0.388687389716506
,success,steps,cumulated_reward,Q_loss_0,Q_loss_1,Q_loss_2
0,False,600,-596,0.24244145452976226,8.746800780296326,0.36943720616400244
,success,steps,cumulated_reward,Q_loss_0,Q_loss_1,Q_loss_2
0,True,54,-49,0.24788338355720044,8.810430300235748,0.38202453665435315
,success,steps,cumulated_reward,Q_loss_0,Q_loss_1,Q_loss_2
0,False,600,-587,0.2472159367054701,8.89655190706253,0.3480020482093096
,success,steps,cumulated_reward,Q_loss_0,Q_loss_1,Q_loss_2
0,False,600,-599,0.255909588560462,8.725585782527924,0.3167661752551794
,success,steps,cumulated_reward,Q_loss_0,Q_loss_1,Q_loss_2
0,False,600,-595,0.25096102319657804,8.787972915172578,0.3088514097034931
,success,steps,cumulated_reward,Q_loss_0,Q_loss_1,Q_loss_2
0,False,600,-589,0.2602448150515556,8.725580835342408,0.4074069164693356
,success,steps,cumulated_reward,Q_loss_0,Q_loss_1,Q_loss_2
0,False,600,-595,0.2475652690976858,8.77450097799301,0.4028331808745861
,success,steps,cumulated_reward,Q_loss_0,Q_loss_1,Q_loss_2
0,False,600,-597,0.2681324876844883,9.033160996437072,0.310181999579072
,success,steps,cumulated_reward,Q_loss_0,Q_loss_1,Q_loss_2
0,False,600,-576,0.26691417805850504,8.712528371810913,0.2813593354076147
,success,steps,cumulated_reward,Q_loss_0,Q_loss_1,Q_loss_2
0,False,600,-574,0.2772533196955919,8.590630340576173,0.2782153096050024
,success,steps,cumulated_reward,Q_loss_0,Q_loss_1,Q_loss_2
0,False,600,-589,0.2641505811363459,8.734650564193725,0.2914047703146935
,success,steps,cumulated_reward,Q_loss_0,Q_loss_1,Q_loss_2
0,False,600,-580,0.2670821163803339,8.4405566573143,0.277032464928925
,success,steps,cumulated_reward,Q_loss_0,Q_loss_1,Q_loss_2
0,False,600,-564,0.27043067924678327,8.456955254077911,0.29784819222986697
,success,steps,cumulated_reward,Q_loss_0,Q_loss_1,Q_loss_2
0,False,600,-592,0.2678900744765997,8.657026064395904,0.29379434026777745
,success,steps,cumulated_reward,Q_loss_0,Q_loss_1,Q_loss_2
0,False,600,-597,0.27852555103600024,8.759360373020172,0.34163634926080705
,success,steps,cumulated_reward,Q_loss_0,Q_loss_1,Q_loss_2
0,False,600,-581,0.27572674565017224,8.447875559329987,0.316093473136425
,success,steps,cumulated_reward,Q_loss_0,Q_loss_1,Q_loss_2
0,False,600,-597,0.28530610240995885,8.298340857028961,0.345935595035553
,success,steps,cumulated_reward,Q_loss_0,Q_loss_1,Q_loss_2
0,False,600,-591,0.28290642276406286,8.455768120288848,0.3566097803413868
,success,steps,cumulated_reward,Q_loss_0,Q_loss_1,Q_loss_2
0,False,600,-584,0.27942783795297144,8.279670512676239,0.372498806566
,success,steps,cumulated_reward,Q_loss_0,Q_loss_1,Q_loss_2
0,False,600,-593,0.2792719602584839,8.421820163726807,0.3323359712958336
,success,steps,cumulated_reward,Q_loss_0,Q_loss_1,Q_loss_2
0,False,600,-590,0.27740744687616825,8.274173831939697,0.3806189980357885
,success,steps,cumulated_reward,Q_loss_0,Q_loss_1,Q_loss_2
0,False,600,-594,0.28915597461164,8.414456737041473,0.38986808322370053
,success,steps,cumulated_reward,Q_loss_0,Q_loss_1,Q_loss_2
0,False,600,-600,0.2751665752381086,8.28492693901062,0.38014887310564516
,success,steps,cumulated_reward,Q_loss_0,Q_loss_1,Q_loss_2
0,False,600,-596,0.2804612573236227,8.198806941509247,0.35676629543304444
,success,steps,cumulated_reward,Q_loss_0,Q_loss_1,Q_loss_2
0,False,600,-571,0.29063295647501947,8.399892675876618,0.3427094932645559
,success,steps,cumulated_reward,Q_loss_0,Q_loss_1,Q_loss_2
0,False,600,-598,0.2900018714368343,8.280522680282592,0.3526941239833832
,success,steps,cumulated_reward,Q_loss_0,Q_loss_1,Q_loss_2
0,False,600,-580,0.3091272160410881,8.304402601718902,0.3519306257367134
,success,steps,cumulated_reward,Q_loss_0,Q_loss_1,Q_loss_2
0,False,600,-575,0.29729196019470694,8.202767288684845,0.4049226202070713
,success,steps,cumulated_reward,Q_loss_0,Q_loss_1,Q_loss_2
0,False,600,-574,0.29016015157103536,8.059549629688263,0.45000500306487085
,success,steps,cumulated_reward,Q_loss_0,Q_loss_1,Q_loss_2
0,False,600,-574,0.2984972409904003,8.115560042858124,0.42182986587286
,success,steps,cumulated_reward,Q_loss_0,Q_loss_1,Q_loss_2
0,False,600,-581,0.3185896918177605,8.141418862342835,0.3586564891040325
,success,steps,cumulated_reward,Q_loss_0,Q_loss_1,Q_loss_2
0,False,600,-596,0.3155147362500429,8.054508244991302,0.3735650807619095
,success,steps,cumulated_reward,Q_loss_0,Q_loss_1,Q_loss_2
0,False,600,-578,0.2917607922106981,7.872380375862122,0.3592408888041973
,success,steps,cumulated_reward,Q_loss_0,Q_loss_1,Q_loss_2
0,False,600,-577,0.2980681538581848,7.9843914270401,0.37767838314175606
,success,steps,cumulated_reward,Q_loss_0,Q_loss_1,Q_loss_2
0,False,600,-598,0.2946700517088175,7.918563163280487,0.38729872219264505
,success,steps,cumulated_reward,Q_loss_0,Q_loss_1,Q_loss_2
0,False,600,-594,0.2935578353703022,7.962865567207336,0.40233413465321066
,success,steps,cumulated_reward,Q_loss_0,Q_loss_1,Q_loss_2
0,False,600,-569,0.30189200192689897,7.726718759536743,0.3725142277777195
,success,steps,cumulated_reward,Q_loss_0,Q_loss_1,Q_loss_2
0,False,600,-596,0.29246319830417633,7.687977755069733,0.40900968126952647
,success,steps,cumulated_reward,Q_loss_0,Q_loss_1,Q_loss_2
0,False,600,-575,0.2842511471360922,7.845522212982178,0.42581902667880056
,success,steps,cumulated_reward,Q_loss_0,Q_loss_1,Q_loss_2
0,False,600,-584,0.2958836082369089,7.8902205467224125,0.4250049915164709
,success,steps,cumulated_reward,Q_loss_0,Q_loss_1,Q_loss_2
0,False,600,-582,0.3007755219936371,7.880804717540741,0.4724175076931715
,success,steps,cumulated_reward,Q_loss_0,Q_loss_1,Q_loss_2
0,False,600,-589,0.2878070428967476,7.726229453086853,0.44757380746304987
,success,steps,cumulated_reward,Q_loss_0,Q_loss_1,Q_loss_2
0,False,600,-586,0.28208653032779696,7.856492269039154,0.3955944813787937
,success,steps,cumulated_reward,Q_loss_0,Q_loss_1,Q_loss_2
0,False,600,-592,0.29322618879377843,7.842532598972321,0.40295523442327974
,success,steps,cumulated_reward,Q_loss_0,Q_loss_1,Q_loss_2
0,False,600,-591,0.2945990040898323,7.758003056049347,0.4308995079249144
,success,steps,cumulated_reward,Q_loss_0,Q_loss_1,Q_loss_2
0,False,600,-578,0.2837732646614313,7.673696506023407,0.44261723048985
,success,steps,cumulated_reward,Q_loss_0,Q_loss_1,Q_loss_2
0,False,600,-579,0.2975616902112961,7.797840011119843,0.49420605003833773
,success,steps,cumulated_reward,Q_loss_0,Q_loss_1,Q_loss_2
0,True,515,-497,0.2934999454766512,7.651275730133056,0.542310081422329
,success,steps,cumulated_reward,Q_loss_0,Q_loss_1,Q_loss_2
0,False,600,-584,0.28177943229675295,7.694437921047211,0.48357829041779044
,success,steps,cumulated_reward,Q_loss_0,Q_loss_1,Q_loss_2
0,False,600,-583,0.27111766412854194,7.674828100204468,0.6072364926338196
,success,steps,cumulated_reward,Q_loss_0,Q_loss_1,Q_loss_2
0,False,600,-585,0.27235919386148455,7.880681443214416,0.5096712984144688
,success,steps,cumulated_reward,Q_loss_0,Q_loss_1,Q_loss_2
0,False,600,-574,0.2977677542716265,7.813875150680542,0.5698674939572811
,success,steps,cumulated_reward,Q_loss_0,Q_loss_1,Q_loss_2
0,False,600,-579,0.2830582845956087,7.454272222518921,0.6009144462645054
,success,steps,cumulated_reward,Q_loss_0,Q_loss_1,Q_loss_2
0,False,600,-594,0.2929736316204071,7.694200670719146,0.5259772799909115
,success,steps,cumulated_reward,Q_loss_0,Q_loss_1,Q_loss_2
0,False,600,-581,0.2912499442696571,7.419425296783447,0.5435976512730122
,success,steps,cumulated_reward,Q_loss_0,Q_loss_1,Q_loss_2
0,False,600,-580,0.28936125300824644,7.526579582691193,0.5128739260137081
,success,steps,cumulated_reward,Q_loss_0,Q_loss_1,Q_loss_2
0,False,600,-587,0.29694825783371925,7.412073147296906,0.634877472370863
,success,steps,cumulated_reward,Q_loss_0,Q_loss_1,Q_loss_2
0,False,600,-553,0.292317321896553,7.21141072511673,0.5717213336378336
,success,steps,cumulated_reward,Q_loss_0,Q_loss_1,Q_loss_2
0,False,600,-577,0.2929943725466728,7.487062489986419,0.5769841611385346
,success,steps,cumulated_reward,Q_loss_0,Q_loss_1,Q_loss_2
0,False,600,-564,0.29296092726290224,7.460285079479218,0.5294004388153553
,success,steps,cumulated_reward,Q_loss_0,Q_loss_1,Q_loss_2
0,False,600,-587,0.2846068374812603,7.251410591602325,0.5248505033552646
,success,steps,cumulated_reward,Q_loss_0,Q_loss_1,Q_loss_2
0,False,600,-592,0.29433266408741476,7.591788733005524,0.4797582898288965
,success,steps,cumulated_reward,Q_loss_0,Q_loss_1,Q_loss_2
0,False,600,-575,0.3023561552166939,7.049598228931427,0.5280853912234307
,success,steps,cumulated_reward,Q_loss_0,Q_loss_1,Q_loss_2
0,True,89,-83,0.2874983068555593,7.118573153018952,0.4763700023293495
,success,steps,cumulated_reward,Q_loss_0,Q_loss_1,Q_loss_2
0,False,600,-573,0.2905950162559748,7.39376540184021,0.4875838987529278
,success,steps,cumulated_reward,Q_loss_0,Q_loss_1,Q_loss_2
0,False,600,-591,0.2884682841598988,7.0981837749481205,0.46247606426477433
,success,steps,cumulated_reward,Q_loss_0,Q_loss_1,Q_loss_2
0,False,600,-563,0.2799550760537386,7.291657817363739,0.483171272277832
,success,steps,cumulated_reward,Q_loss_0,Q_loss_1,Q_loss_2
0,True,204,-184,0.2975833911448717,7.339799439907074,0.5058841165155172
,success,steps,cumulated_reward,Q_loss_0,Q_loss_1,Q_loss_2
0,False,564,-508,0.28628277480602266,7.0744762301445006,0.5452408790588379
,success,steps,cumulated_reward,Q_loss_0,Q_loss_1,Q_loss_2
0,False,437,-377,0.27123756930232046,6.981715261936188,0.5811414256691932
,success,steps,cumulated_reward,Q_loss_0,Q_loss_1,Q_loss_2
0,False,600,-588,0.2870667088776827,7.131987392902374,0.6214437648653984
,success,steps,cumulated_reward,Q_loss_0,Q_loss_1,Q_loss_2
0,False,600,-552,0.2970927502959967,7.006971335411071,0.6023328475654125
,success,steps,cumulated_reward,Q_loss_0,Q_loss_1,Q_loss_2
0,False,600,-571,0.2824188362807035,7.097567975521088,0.5950829930603504
,success,steps,cumulated_reward,Q_loss_0,Q_loss_1,Q_loss_2
0,False,600,-551,0.29515242129564284,7.096968245506287,0.5881201703101396
,success,steps,cumulated_reward,Q_loss_0,Q_loss_1,Q_loss_2
0,False,600,-563,0.27950511537492273,6.976468241214752,0.5235352568328381
,success,steps,cumulated_reward,Q_loss_0,Q_loss_1,Q_loss_2
0,False,565,-529,0.2806766971945763,7.120317137241363,0.5544737473130226
,success,steps,cumulated_reward,Q_loss_0,Q_loss_1,Q_loss_2
0,True,44,-42,0.28403106704354286,6.980583727359772,0.5882920637726784
,success,steps,cumulated_reward,Q_loss_0,Q_loss_1,Q_loss_2
0,False,600,-558,0.32021987438201904,7.20372713804245,0.5406841620802879
,success,steps,cumulated_reward,Q_loss_0,Q_loss_1,Q_loss_2
0,False,600,-564,0.2766048055142164,6.829321825504303,0.49585060626268385
,success,steps,cumulated_reward,Q_loss_0,Q_loss_1,Q_loss_2
0,False,600,-584,0.26515756696462633,6.931099975109101,0.41804684735834596
,success,steps,cumulated_reward,Q_loss_0,Q_loss_1,Q_loss_2
0,False,600,-572,0.28549460992217063,6.784973919391632,0.471011658012867
,success,steps,cumulated_reward,Q_loss_0,Q_loss_1,Q_loss_2
0,False,600,-578,0.276068901270628,6.923420894145965,0.49723697602748873
,success,steps,cumulated_reward,Q_loss_0,Q_loss_1,Q_loss_2
0,True,218,-213,0.2809275098145008,6.954478919506073,0.4639079313725233
,success,steps,cumulated_reward,Q_loss_0,Q_loss_1,Q_loss_2
0,False,600,-591,0.2690957024693489,6.9080591082572935,0.5033252190798521
,success,steps,cumulated_reward,Q_loss_0,Q_loss_1,Q_loss_2
0,False,600,-566,0.27856630757451056,7.021010720729828,0.47241743505001066
,success,steps,cumulated_reward,Q_loss_0,Q_loss_1,Q_loss_2
0,False,600,-580,0.27965908087790015,6.862612581253051,0.46021120324730874
,success,steps,cumulated_reward,Q_loss_0,Q_loss_1,Q_loss_2
0,True,214,-210,0.2810613539069891,6.849356305599213,0.4702614702284336
,success,steps,cumulated_reward,Q_loss_0,Q_loss_1,Q_loss_2
0,False,600,-584,0.26644329354166985,7.028770339488983,0.4676837999373674
,success,steps,cumulated_reward,Q_loss_0,Q_loss_1,Q_loss_2
0,False,600,-580,0.28210632912814615,6.805511403083801,0.4962021544575691
,success,steps,cumulated_reward,Q_loss_0,Q_loss_1,Q_loss_2
0,False,600,-562,0.27687668465077875,6.57615510225296,0.4981467962265015
,success,steps,cumulated_reward,Q_loss_0,Q_loss_1,Q_loss_2
0,False,600,-551,0.2866372909396887,6.805808031558991,0.4937748108059168
,success,steps,cumulated_reward,Q_loss_0,Q_loss_1,Q_loss_2
0,False,600,-565,0.28366649374365804,6.865049052238464,0.46790472120046617
,success,steps,cumulated_reward,Q_loss_0,Q_loss_1,Q_loss_2
0,False,600,-576,0.2962122570723295,6.720696461200714,0.4795558214187622
,success,steps,cumulated_reward,Q_loss_0,Q_loss_1,Q_loss_2
0,False,600,-578,0.29889769218862056,6.545783877372742,0.4098869595676661
,success,steps,cumulated_reward,Q_loss_0,Q_loss_1,Q_loss_2
0,False,600,-585,0.28541965745389464,6.696199786663056,0.42733175568282605
,success,steps,cumulated_reward,Q_loss_0,Q_loss_1,Q_loss_2
0,False,600,-574,0.2954776704311371,6.7674855351448056,0.4408863116055727
,success,steps,cumulated_reward,Q_loss_0,Q_loss_1,Q_loss_2
0,False,600,-592,0.29680680893361566,6.825934588909149,0.38335809074342253
,success,steps,cumulated_reward,Q_loss_0,Q_loss_1,Q_loss_2
0,False,600,-577,0.26891386806964873,6.4611633062362674,0.4298061400651932
,success,steps,cumulated_reward,Q_loss_0,Q_loss_1,Q_loss_2
0,False,600,-549,0.2866640008985996,6.6126213550567625,0.44126027897000314
,success,steps,cumulated_reward,Q_loss_0,Q_loss_1,Q_loss_2
0,False,600,-592,0.2729090504348278,6.656206548213959,0.3908581998199224
,success,steps,cumulated_reward,Q_loss_0,Q_loss_1,Q_loss_2
0,False,600,-561,0.27774554677307606,6.391974210739136,0.4427657134830952
,success,steps,cumulated_reward,Q_loss_0,Q_loss_1,Q_loss_2
0,False,600,-576,0.2901548780500889,6.642365050315857,0.4745561257004738
,success,steps,cumulated_reward,Q_loss_0,Q_loss_1,Q_loss_2
0,False,600,-574,0.2775779042392969,6.585343289375305,0.5445930019021035
,success,steps,cumulated_reward,Q_loss_0,Q_loss_1,Q_loss_2
0,False,600,-544,0.28977377749979494,6.509642887115478,0.4846429981291294
,success,steps,cumulated_reward,Q_loss_0,Q_loss_1,Q_loss_2
0,False,600,-583,0.26783885434269905,6.496829509735107,0.4852208249270916
,success,steps,cumulated_reward,Q_loss_0,Q_loss_1,Q_loss_2
0,False,600,-581,0.2884956181049347,6.590501046180725,0.4708318680524826
,success,steps,cumulated_reward,Q_loss_0,Q_loss_1,Q_loss_2
0,True,362,-336,0.29778123311698435,6.49824800491333,0.47775636948645117
,success,steps,cumulated_reward,Q_loss_0,Q_loss_1,Q_loss_2
0,False,600,-592,0.28194444477558134,6.344030702114106,0.39183529540896417
,success,steps,cumulated_reward,Q_loss_0,Q_loss_1,Q_loss_2
0,False,600,-588,0.2888213124126196,6.683009207248688,0.41020730324089527
,success,steps,cumulated_reward,Q_loss_0,Q_loss_1,Q_loss_2
0,False,528,-463,0.2952380280941725,6.508149003982544,0.4492358349263668
,success,steps,cumulated_reward,Q_loss_0,Q_loss_1,Q_loss_2
0,False,493,-445,0.2671319622546434,6.48149266242981,0.4225913040339947
,success,steps,cumulated_reward,Q_loss_0,Q_loss_1,Q_loss_2
0,False,600,-589,0.2863451726734638,6.169642305374145,0.37079185955226424
,success,steps,cumulated_reward,Q_loss_0,Q_loss_1,Q_loss_2
0,False,600,-566,0.2805652130395174,6.267067635059357,0.382442531734705
,success,steps,cumulated_reward,Q_loss_0,Q_loss_1,Q_loss_2
0,False,600,-575,0.27716199681162834,6.381708204746246,0.4466180317103863
,success,steps,cumulated_reward,Q_loss_0,Q_loss_1,Q_loss_2
0,False,600,-576,0.2745502058416605,6.491659927368164,0.4085221983492374
,success,steps,cumulated_reward,Q_loss_0,Q_loss_1,Q_loss_2
0,False,600,-557,0.27814206182956697,6.539204835891724,0.403854476287961
,success,steps,cumulated_reward,Q_loss_0,Q_loss_1,Q_loss_2
0,False,600,-565,0.29474091604352,6.222979944944382,0.43667125664651396
,success,steps,cumulated_reward,Q_loss_0,Q_loss_1,Q_loss_2
0,True,38,-31,0.2800590392202139,6.230597674846649,0.4054878931492567
,success,steps,cumulated_reward,Q_loss_0,Q_loss_1,Q_loss_2
0,False,600,-585,0.2877603255212307,6.222271621227264,0.3894897632300854
,success,steps,cumulated_reward,Q_loss_0,Q_loss_1,Q_loss_2
0,False,600,-575,0.29911752678453923,6.147169530391693,0.4142759244889021
,success,steps,cumulated_reward,Q_loss_0,Q_loss_1,Q_loss_2
0,False,600,-573,0.27726322785019875,6.239940500259399,0.4639976616948843
,success,steps,cumulated_reward,Q_loss_0,Q_loss_1,Q_loss_2
0,False,600,-557,0.26919095143675803,6.121438670158386,0.47679928317666054
,success,steps,cumulated_reward,Q_loss_0,Q_loss_1,Q_loss_2
0,False,600,-571,0.2814879886806011,6.242852842807769,0.6113816231489182
,success,steps,cumulated_reward,Q_loss_0,Q_loss_1,Q_loss_2
0,True,138,-133,0.2784783527255058,6.151709902286529,0.6134492255747318
,success,steps,cumulated_reward,Q_loss_0,Q_loss_1,Q_loss_2
0,False,600,-554,0.2749595452100039,6.036802971363068,0.4456028714776039
,success,steps,cumulated_reward,Q_loss_0,Q_loss_1,Q_loss_2
0,True,547,-514,0.28352269567549226,6.282981884479523,0.42322681061923506
,success,steps,cumulated_reward,Q_loss_0,Q_loss_1,Q_loss_2
0,False,600,-557,0.28763337023556235,6.159223973751068,0.4251646511256695
,success,steps,cumulated_reward,Q_loss_0,Q_loss_1,Q_loss_2
0,True,203,-188,0.2662509724497795,6.337963318824768,0.3934676978737116
,success,steps,cumulated_reward,Q_loss_0,Q_loss_1,Q_loss_2
0,True,221,-216,0.2795752305537462,6.131469643115997,0.3885327771306038
,success,steps,cumulated_reward,Q_loss_0,Q_loss_1,Q_loss_2
0,True,299,-288,0.27666788510978224,6.149437987804413,0.3897695612162352
,success,steps,cumulated_reward,Q_loss_0,Q_loss_1,Q_loss_2
0,False,600,-561,0.2721014942973852,6.0952500104904175,0.41738575771451
,success,steps,cumulated_reward,Q_loss_0,Q_loss_1,Q_loss_2
0,True,369,-361,0.26304199509322646,6.124487829208374,0.4120944492518902
,success,steps,cumulated_reward,Q_loss_0,Q_loss_1,Q_loss_2
0,False,549,-501,0.27064251750707624,6.304358768463135,0.4308118410408497
,success,steps,cumulated_reward,Q_loss_0,Q_loss_1,Q_loss_2
0,True,82,-76,0.2774416495114565,6.130563819408417,0.40372961610555647
,success,steps,cumulated_reward,Q_loss_0,Q_loss_1,Q_loss_2
0,False,600,-555,0.2856235221028328,6.2743453741073605,0.4115981005132198
,success,steps,cumulated_reward,Q_loss_0,Q_loss_1,Q_loss_2
0,False,600,-568,0.2847744062542915,6.104503881931305,0.41528908386826513
,success,steps,cumulated_reward,Q_loss_0,Q_loss_1,Q_loss_2
0,False,597,-563,0.27262304350733757,5.8814931273460385,0.41016228646039965
,success,steps,cumulated_reward,Q_loss_0,Q_loss_1,Q_loss_2
0,True,183,-176,0.2652906909584999,5.983270812034607,0.4241957042366266
,success,steps,cumulated_reward,Q_loss_0,Q_loss_1,Q_loss_2
0,False,600,-574,0.2920867294073105,5.931315791606903,0.41793514899909495
,success,steps,cumulated_reward,Q_loss_0,Q_loss_1,Q_loss_2
0,True,38,-37,0.28243058137595656,5.856983613967896,0.39521066322922704
,success,steps,cumulated_reward,Q_loss_0,Q_loss_1,Q_loss_2
0,False,600,-553,0.27481287755072115,5.949700653553009,0.3866411495953798
,success,steps,cumulated_reward,Q_loss_0,Q_loss_1,Q_loss_2
0,False,548,-496,0.2817575018852949,6.036402893066406,0.4131722070276737
,success,steps,cumulated_reward,Q_loss_0,Q_loss_1,Q_loss_2
0,False,600,-553,0.27719638496637344,6.120273113250732,0.444597751647234
,success,steps,cumulated_reward,Q_loss_0,Q_loss_1,Q_loss_2
0,False,600,-561,0.2667156379669905,5.946077758073807,0.43942227587103844
,success,steps,cumulated_reward,Q_loss_0,Q_loss_1,Q_loss_2
0,False,600,-569,0.25987505093216895,5.977625215053559,0.48505144454538823
,success,steps,cumulated_reward,Q_loss_0,Q_loss_1,Q_loss_2
0,False,600,-569,0.2602062437683344,5.940926551818848,0.4470859881490469
,success,steps,cumulated_reward,Q_loss_0,Q_loss_1,Q_loss_2
0,False,600,-564,0.2717994377017021,5.687582397460938,0.4943574145436287
,success,steps,cumulated_reward,Q_loss_0,Q_loss_1,Q_loss_2
0,False,600,-589,0.2679423961788416,5.904050099849701,0.4765238083899021
,success,steps,cumulated_reward,Q_loss_0,Q_loss_1,Q_loss_2
0,False,600,-564,0.2655183430761099,5.772000849246979,0.45001035556197166
,success,steps,cumulated_reward,Q_loss_0,Q_loss_1,Q_loss_2
0,False,600,-563,0.2559448264539242,5.8739717364311215,0.42351020202040673
,success,steps,cumulated_reward,Q_loss_0,Q_loss_1,Q_loss_2
0,False,600,-559,0.25984621196985247,5.808343875408172,0.44032118320465086
,success,steps,cumulated_reward,Q_loss_0,Q_loss_1,Q_loss_2
0,False,418,-342,0.2701099868863821,5.768249487876892,0.4095522899180651
,success,steps,cumulated_reward,Q_loss_0,Q_loss_1,Q_loss_2
0,False,600,-569,0.2608627758920193,5.8695838928222654,0.4479324981570244
,success,steps,cumulated_reward,Q_loss_0,Q_loss_1,Q_loss_2
0,False,600,-584,0.2715173661708832,5.787566065788269,0.5133687295019627
,success,steps,cumulated_reward,Q_loss_0,Q_loss_1,Q_loss_2
0,False,600,-574,0.2610081769526005,5.883294188976288,0.49596657082438467
,success,steps,cumulated_reward,Q_loss_0,Q_loss_1,Q_loss_2
0,False,600,-572,0.26292855888605116,5.744550573825836,0.5467443391680717
,success,steps,cumulated_reward,Q_loss_0,Q_loss_1,Q_loss_2
0,False,591,-559,0.26039780825376513,5.898153698444366,0.5456458069384098
,success,steps,cumulated_reward,Q_loss_0,Q_loss_1,Q_loss_2
0,True,181,-163,0.2567637886852026,5.83091150522232,0.4992729537189007
,success,steps,cumulated_reward,Q_loss_0,Q_loss_1,Q_loss_2
0,False,434,-394,0.24860164374113083,5.603986614942551,0.4885556511580944
,success,steps,cumulated_reward,Q_loss_0,Q_loss_1,Q_loss_2
0,False,481,-435,0.26727507300674913,5.557896912097931,0.49769857041537763
,success,steps,cumulated_reward,Q_loss_0,Q_loss_1,Q_loss_2
0,False,600,-581,0.26066757552325726,5.599974846839904,0.46515008360147475
,success,steps,cumulated_reward,Q_loss_0,Q_loss_1,Q_loss_2
0,False,397,-360,0.2682188797742128,5.8076169967651365,0.42358216755092143
,success,steps,cumulated_reward,Q_loss_0,Q_loss_1,Q_loss_2
0,True,277,-265,0.2623522516340017,5.64176059961319,0.4472828857600689
,success,steps,cumulated_reward,Q_loss_0,Q_loss_1,Q_loss_2
0,True,24,-13,0.26122246123850346,5.50920330286026,0.4467765875160694
,success,steps,cumulated_reward,Q_loss_0,Q_loss_1,Q_loss_2
0,False,600,-562,0.2762836318463087,5.656552708148956,0.44005119502544404
,success,steps,cumulated_reward,Q_loss_0,Q_loss_1,Q_loss_2
0,True,26,-24,0.2862578649073839,5.52542422413826,0.4347964469343424
,success,steps,cumulated_reward,Q_loss_0,Q_loss_1,Q_loss_2
0,False,600,-568,0.2624676525592804,5.579188752174377,0.45725350454449654
,success,steps,cumulated_reward,Q_loss_0,Q_loss_1,Q_loss_2
0,True,100,-97,0.24492149092257023,5.673870027065277,0.4142790537327528
,success,steps,cumulated_reward,Q_loss_0,Q_loss_1,Q_loss_2
0,False,600,-565,0.26755889430642127,5.534470999240876,0.4673435688018799
,success,steps,cumulated_reward,Q_loss_0,Q_loss_1,Q_loss_2
0,False,480,-428,0.23931179605424405,5.725273895263672,0.49899470135569574
,success,steps,cumulated_reward,Q_loss_0,Q_loss_1,Q_loss_2
0,True,119,-114,0.25660999976098536,5.438462913036346,0.5689650543034077
,success,steps,cumulated_reward,Q_loss_0,Q_loss_1,Q_loss_2
0,False,600,-560,0.26737530454993247,5.651620995998383,0.5033267311751842
,success,steps,cumulated_reward,Q_loss_0,Q_loss_1,Q_loss_2
0,False,582,-533,0.24672484397888184,5.739360821247101,0.4298985730856657
,success,steps,cumulated_reward,Q_loss_0,Q_loss_1,Q_loss_2
0,False,600,-555,0.25582826770842076,5.6689963936805725,0.4179061438888311
,success,steps,cumulated_reward,Q_loss_0,Q_loss_1,Q_loss_2
0,True,321,-307,0.2709129448980093,5.55738942027092,0.48489111065864565
,success,steps,cumulated_reward,Q_loss_0,Q_loss_1,Q_loss_2
0,True,100,-91,0.24971769526600837,5.722010588645935,0.43219250068068504
,success,steps,cumulated_reward,Q_loss_0,Q_loss_1,Q_loss_2
0,False,600,-577,0.2558742705732584,5.5612681865692135,0.3946276560425758
,success,steps,cumulated_reward,Q_loss_0,Q_loss_1,Q_loss_2
0,False,600,-581,0.26176843158900737,5.716224265098572,0.4019464861601591
,success,steps,cumulated_reward,Q_loss_0,Q_loss_1,Q_loss_2
0,True,157,-146,0.2570960495620966,5.4855428814888,0.3913592502474785
,success,steps,cumulated_reward,Q_loss_0,Q_loss_1,Q_loss_2
0,False,600,-583,0.25624076910316945,5.578239464759827,0.35621253214776516
,success,steps,cumulated_reward,Q_loss_0,Q_loss_1,Q_loss_2
0,False,600,-572,0.24678905457258224,5.557856512069702,0.3955415431410074
,success,steps,cumulated_reward,Q_loss_0,Q_loss_1,Q_loss_2
0,True,37,-27,0.24815575852990152,5.672341096401214,0.3761296045035124
,success,steps,cumulated_reward,Q_loss_0,Q_loss_1,Q_loss_2
0,False,600,-560,0.2486393790692091,5.557310390472412,0.4026286121457815
,success,steps,cumulated_reward,Q_loss_0,Q_loss_1,Q_loss_2
0,False,600,-568,0.2564955078065395,5.492549169063568,0.3996457472443581
,success,steps,cumulated_reward,Q_loss_0,Q_loss_1,Q_loss_2
0,False,600,-578,0.2531380090862513,5.467214059829712,0.40883927047252655
,success,steps,cumulated_reward,Q_loss_0,Q_loss_1,Q_loss_2
0,False,534,-494,0.2581256475299597,5.443296599388122,0.38345342613756656
,success,steps,cumulated_reward,Q_loss_0,Q_loss_1,Q_loss_2
0,False,600,-551,0.2624764025211334,5.557268023490906,0.42204098515212535
,success,steps,cumulated_reward,Q_loss_0,Q_loss_1,Q_loss_2
0,False,376,-347,0.2446025289595127,5.506879782676696,0.45651102885603906
,success,steps,cumulated_reward,Q_loss_0,Q_loss_1,Q_loss_2
0,True,95,-89,0.2556036103516817,5.487934243679047,0.4275934025645256
,success,steps,cumulated_reward,Q_loss_0,Q_loss_1,Q_loss_2
0,True,155,-139,0.250149018317461,5.3367756605148315,0.4052999384701252
,success,steps,cumulated_reward,Q_loss_0,Q_loss_1,Q_loss_2
0,False,600,-573,0.2580328416079283,5.615983545780182,0.4167763017117977
,success,steps,cumulated_reward,Q_loss_0,Q_loss_1,Q_loss_2
0,True,43,-33,0.24774158149957656,5.360838520526886,0.3965849485248327
,success,steps,cumulated_reward,Q_loss_0,Q_loss_1,Q_loss_2
0,False,570,-520,0.25119477733969686,5.258027648925781,0.3714493945240974
,success,steps,cumulated_reward,Q_loss_0,Q_loss_1,Q_loss_2
0,False,600,-579,0.24982157684862613,5.20213121175766,0.3739236567169428
,success,steps,cumulated_reward,Q_loss_0,Q_loss_1,Q_loss_2
0,False,425,-383,0.2511514060199261,5.247002220153808,0.39227353855967523
,success,steps,cumulated_reward,Q_loss_0,Q_loss_1,Q_loss_2
0,True,153,-149,0.24090602323412896,5.424792277812958,0.3875225778669119
,success,steps,cumulated_reward,Q_loss_0,Q_loss_1,Q_loss_2
0,False,597,-546,0.2389289617538452,5.297692096233368,0.44996613822877407
,success,steps,cumulated_reward,Q_loss_0,Q_loss_1,Q_loss_2
0,False,600,-569,0.24705044105648993,5.276227736473084,0.44193141981959344
,success,steps,cumulated_reward,Q_loss_0,Q_loss_1,Q_loss_2
0,True,307,-291,0.2603817615658045,5.4977135181427,0.44905139952898027
,success,steps,cumulated_reward,Q_loss_0,Q_loss_1,Q_loss_2
0,False,600,-577,0.23708609603345393,5.274035829305649,0.41720372885465623
,success,steps,cumulated_reward,Q_loss_0,Q_loss_1,Q_loss_2
0,False,365,-327,0.2393018092960119,5.2914246916770935,0.4111522950232029
,success,steps,cumulated_reward,Q_loss_0,Q_loss_1,Q_loss_2
0,True,278,-247,0.2557894553989172,5.390016794204712,0.43275118693709375
,success,steps,cumulated_reward,Q_loss_0,Q_loss_1,Q_loss_2
0,False,494,-451,0.23420562744140624,5.38278968334198,0.4650909513235092
,success,steps,cumulated_reward,Q_loss_0,Q_loss_1,Q_loss_2
0,False,492,-474,0.23694913871586323,5.202799320220947,0.44461393281817435
,success,steps,cumulated_reward,Q_loss_0,Q_loss_1,Q_loss_2
0,True,75,-66,0.2418548732995987,5.1741817653179165,0.4303099948912859
,success,steps,cumulated_reward,Q_loss_0,Q_loss_1,Q_loss_2
0,False,600,-574,0.24060871005058287,5.420927059650421,0.4185751561075449
,success,steps,cumulated_reward,Q_loss_0,Q_loss_1,Q_loss_2
0,False,600,-567,0.24622838385403156,5.331570398807526,0.44739282578229905
,success,steps,cumulated_reward,Q_loss_0,Q_loss_1,Q_loss_2
0,True,38,-30,0.2396409422159195,5.305144369602203,0.4187933597713709
,success,steps,cumulated_reward,Q_loss_0,Q_loss_1,Q_loss_2
0,False,600,-563,0.25014969147741795,5.343695420026779,0.40948405899107454
,success,steps,cumulated_reward,Q_loss_0,Q_loss_1,Q_loss_2
0,True,123,-109,0.24273646287620068,5.468050384521485,0.431589674949646
,success,steps,cumulated_reward,Q_loss_0,Q_loss_1,Q_loss_2
0,False,600,-569,0.24215597286820412,4.888721632957458,0.3693146724253893
,success,steps,cumulated_reward,Q_loss_0,Q_loss_1,Q_loss_2
0,False,600,-559,0.2314399227499962,5.161214131116867,0.41646421067416667
,success,steps,cumulated_reward,Q_loss_0,Q_loss_1,Q_loss_2
0,True,150,-139,0.23660075068473815,5.343254935741425,0.4426441416144371
,success,steps,cumulated_reward,Q_loss_0,Q_loss_1,Q_loss_2
0,False,568,-518,0.241570158675313,5.019277584552765,0.45040894746780397
,success,steps,cumulated_reward,Q_loss_0,Q_loss_1,Q_loss_2
0,True,451,-423,0.230006680265069,5.327419686317444,0.4821494329720736
,success,steps,cumulated_reward,Q_loss_0,Q_loss_1,Q_loss_2
0,False,478,-422,0.22462600506842137,5.094180995225907,0.4560389671474695
,success,steps,cumulated_reward,Q_loss_0,Q_loss_1,Q_loss_2
0,True,154,-140,0.22149150744080542,5.302733516693115,0.4390975281596184
,success,steps,cumulated_reward,Q_loss_0,Q_loss_1,Q_loss_2
0,False,528,-462,0.22930507957935334,5.1517754077911375,0.4403564903885126
,success,steps,cumulated_reward,Q_loss_0,Q_loss_1,Q_loss_2
0,False,600,-563,0.22683547288179398,5.025431168079376,0.40651801489293576
,success,steps,cumulated_reward,Q_loss_0,Q_loss_1,Q_loss_2
0,False,600,-581,0.2521731723099947,5.071087503433228,0.46126824617385864
,success,steps,cumulated_reward,Q_loss_0,Q_loss_1,Q_loss_2
0,False,600,-584,0.24263729639351367,5.121052730083465,0.4485992003232241
,success,steps,cumulated_reward,Q_loss_0,Q_loss_1,Q_loss_2
0,False,568,-517,0.22711336463689805,5.233068478107453,0.4216921851038933
,success,steps,cumulated_reward,Q_loss_0,Q_loss_1,Q_loss_2
0,False,600,-568,0.24113161787390708,5.206395936012268,0.43996433168649673
,success,steps,cumulated_reward,Q_loss_0,Q_loss_1,Q_loss_2
0,False,600,-579,0.22022509425878525,4.781727719306946,0.4426673326641321
,success,steps,cumulated_reward,Q_loss_0,Q_loss_1,Q_loss_2
0,False,600,-547,0.23096512779593467,4.951849961280823,0.44082057699561117
,success,steps,cumulated_reward,Q_loss_0,Q_loss_1,Q_loss_2
0,False,600,-552,0.22893395237624645,5.007936370372772,0.4326712492853403
,success,steps,cumulated_reward,Q_loss_0,Q_loss_1,Q_loss_2
0,True,94,-91,0.2241572964936495,4.924279689788818,0.42839513495564463
,success,steps,cumulated_reward,Q_loss_0,Q_loss_1,Q_loss_2
0,False,600,-559,0.2417246300727129,5.02314909696579,0.4641474775969982
,success,steps,cumulated_reward,Q_loss_0,Q_loss_1,Q_loss_2
0,True,264,-255,0.22569794096052648,5.007274961471557,0.510594580322504
,success,steps,cumulated_reward,Q_loss_0,Q_loss_1,Q_loss_2
0,False,600,-575,0.22731186188757418,4.832694739103317,0.5608528271317482
,success,steps,cumulated_reward,Q_loss_0,Q_loss_1,Q_loss_2
0,False,600,-579,0.21928926259279252,5.09595302939415,0.5061866819858551
,success,steps,cumulated_reward,Q_loss_0,Q_loss_1,Q_loss_2
0,False,600,-568,0.23293151408433915,5.015424287319183,0.4991036057472229
,success,steps,cumulated_reward,Q_loss_0,Q_loss_1,Q_loss_2
0,False,600,-584,0.22487980127334595,4.982138347625733,0.4117803193628788
,success,steps,cumulated_reward,Q_loss_0,Q_loss_1,Q_loss_2
0,False,600,-567,0.22746718265116214,5.06137792468071,0.4324193462729454
,success,steps,cumulated_reward,Q_loss_0,Q_loss_1,Q_loss_2
0,False,600,-561,0.23042908906936646,5.049704194068909,0.3921926863491535
,success,steps,cumulated_reward,Q_loss_0,Q_loss_1,Q_loss_2
0,False,600,-572,0.2328189630061388,4.864859986305237,0.4347613833844662
,success,steps,cumulated_reward,Q_loss_0,Q_loss_1,Q_loss_2
0,True,50,-49,0.23712265081703662,5.089926266670227,0.41960364021360874
,success,steps,cumulated_reward,Q_loss_0,Q_loss_1,Q_loss_2
0,True,342,-328,0.233066888153553,4.806396341323852,0.3945022962987423
,success,steps,cumulated_reward,Q_loss_0,Q_loss_1,Q_loss_2
0,False,600,-556,0.21981416307389737,4.990383303165435,0.4090277418494225
,success,steps,cumulated_reward,Q_loss_0,Q_loss_1,Q_loss_2
0,False,600,-588,0.22736000493168831,4.942387175559998,0.34508274048566817
,success,steps,cumulated_reward,Q_loss_0,Q_loss_1,Q_loss_2
0,False,548,-496,0.23872279226779938,4.688780570030213,0.4014870334416628
,success,steps,cumulated_reward,Q_loss_0,Q_loss_1,Q_loss_2
0,False,460,-425,0.23279388695955278,4.993381702899933,0.4114180028438568
,success,steps,cumulated_reward,Q_loss_0,Q_loss_1,Q_loss_2
0,False,600,-575,0.23401369489729404,4.9887484312057495,0.46062063835561273
,success,steps,cumulated_reward,Q_loss_0,Q_loss_1,Q_loss_2
0,True,203,-202,0.21855344623327255,4.6108747839927675,0.3971426676958799
,success,steps,cumulated_reward,Q_loss_0,Q_loss_1,Q_loss_2
0,False,430,-362,0.23676155433058738,5.004196614027023,0.4289185293018818
,success,steps,cumulated_reward,Q_loss_0,Q_loss_1,Q_loss_2
0,False,600,-574,0.2261000968515873,4.8800684928894045,0.4692432753741741
,success,steps,cumulated_reward,Q_loss_0,Q_loss_1,Q_loss_2
0,True,189,-168,0.23019543029367923,4.963856935501099,0.4609481770545244
,success,steps,cumulated_reward,Q_loss_0,Q_loss_1,Q_loss_2
0,False,600,-558,0.2381123498082161,4.734274977445603,0.4624743305146694
,success,steps,cumulated_reward,Q_loss_0,Q_loss_1,Q_loss_2
0,False,600,-570,0.23261514753103257,4.83924555182457,0.45281736329197886
,success,steps,cumulated_reward,Q_loss_0,Q_loss_1,Q_loss_2
0,True,145,-133,0.23105687983334064,4.689216953516007,0.465535818785429
,success,steps,cumulated_reward,Q_loss_0,Q_loss_1,Q_loss_2
0,False,600,-577,0.24438173323869705,4.872917282581329,0.47394024580717087
,success,steps,cumulated_reward,Q_loss_0,Q_loss_1,Q_loss_2
0,False,600,-558,0.23776448108255863,4.857301938533783,0.4584836162626743
,success,steps,cumulated_reward,Q_loss_0,Q_loss_1,Q_loss_2
0,True,88,-88,0.23064804673194886,4.847654616832733,0.4596287690103054
,success,steps,cumulated_reward,Q_loss_0,Q_loss_1,Q_loss_2
0,False,600,-561,0.23055297024548055,4.6835735738277435,0.504296875
,success,steps,cumulated_reward,Q_loss_0,Q_loss_1,Q_loss_2
0,False,600,-549,0.22704891450703144,4.612859112024307,0.47685343250632284
,success,steps,cumulated_reward,Q_loss_0,Q_loss_1,Q_loss_2
0,False,600,-585,0.228891371935606,4.672627818584442,0.4883485969156027
,success,steps,cumulated_reward,Q_loss_0,Q_loss_1,Q_loss_2
0,False,490,-443,0.22036511152982713,4.885802412033081,0.5168133281171322
,success,steps,cumulated_reward,Q_loss_0,Q_loss_1,Q_loss_2
0,False,502,-475,0.23223842531442643,4.880153834819794,0.5566476698964834
,success,steps,cumulated_reward,Q_loss_0,Q_loss_1,Q_loss_2
0,True,107,-106,0.23391534872353076,4.666284281015396,0.5580555453896523
,success,steps,cumulated_reward,Q_loss_0,Q_loss_1,Q_loss_2
0,True,347,-308,0.2332894943654537,4.74704110622406,0.5452939443290233
,success,steps,cumulated_reward,Q_loss_0,Q_loss_1,Q_loss_2
0,True,53,-50,0.23672251887619494,4.709428906440735,0.4840738154947758
,success,steps,cumulated_reward,Q_loss_0,Q_loss_1,Q_loss_2
0,False,600,-571,0.24085065200924874,4.735782182216644,0.481349166482687
,success,steps,cumulated_reward,Q_loss_0,Q_loss_1,Q_loss_2
0,False,600,-575,0.24548595100641252,4.882583212852478,0.4874987885355949
,success,steps,cumulated_reward,Q_loss_0,Q_loss_1,Q_loss_2
0,False,600,-589,0.2390073873102665,4.629429060220718,0.44040373265743255
,success,steps,cumulated_reward,Q_loss_0,Q_loss_1,Q_loss_2
0,False,490,-431,0.22640018351376057,4.698786473274231,0.43933804854750635
,success,steps,cumulated_reward,Q_loss_0,Q_loss_1,Q_loss_2
0,False,600,-555,0.24538917168974878,4.9239673018455505,0.4164454650133848
,success,steps,cumulated_reward,Q_loss_0,Q_loss_1,Q_loss_2
0,False,600,-575,0.22905531972646714,4.608415108919144,0.4434745565056801
,success,steps,cumulated_reward,Q_loss_0,Q_loss_1,Q_loss_2
0,True,64,-56,0.22389880307018756,4.754980838298797,0.42565596625208857
,success,steps,cumulated_reward,Q_loss_0,Q_loss_1,Q_loss_2
0,True,60,-58,0.23362781554460527,4.58200615644455,0.43807847909629344
,success,steps,cumulated_reward,Q_loss_0,Q_loss_1,Q_loss_2
0,False,600,-573,0.23756226636469363,4.6630694448947905,0.4410779349505901
,success,steps,cumulated_reward,Q_loss_0,Q_loss_1,Q_loss_2
0,False,600,-572,0.23985722623765468,4.7980372369289395,0.4040713544934988
,success,steps,cumulated_reward,Q_loss_0,Q_loss_1,Q_loss_2
0,False,600,-561,0.2358540553599596,4.585294705629349,0.43356481082737447
,success,steps,cumulated_reward,Q_loss_0,Q_loss_1,Q_loss_2
0,False,600,-561,0.23530485704541207,4.754456794261932,0.42553475499153137
,success,steps,cumulated_reward,Q_loss_0,Q_loss_1,Q_loss_2
0,True,320,-298,0.2271496206521988,4.717699319124222,0.46164324432611464
,success,steps,cumulated_reward,Q_loss_0,Q_loss_1,Q_loss_2
0,True,124,-98,0.2253880463540554,4.73864837884903,0.46703080609440806
,success,steps,cumulated_reward,Q_loss_0,Q_loss_1,Q_loss_2
0,False,600,-569,0.23003619760274888,4.487540763616562,0.5108237393200398
,success,steps,cumulated_reward,Q_loss_0,Q_loss_1,Q_loss_2
0,True,457,-434,0.22083474844694137,4.730336141586304,0.5373140059411525
,success,steps,cumulated_reward,Q_loss_0,Q_loss_1,Q_loss_2
0,False,600,-581,0.22457659393548965,4.675796151161194,0.5304250970482827
,success,steps,cumulated_reward,Q_loss_0,Q_loss_1,Q_loss_2
0,True,121,-117,0.23238018192350865,4.699976247549057,0.5042526707053184
,success,steps,cumulated_reward,Q_loss_0,Q_loss_1,Q_loss_2
0,False,600,-580,0.22409337759017944,4.665230870246887,0.46421816647052766
,success,steps,cumulated_reward,Q_loss_0,Q_loss_1,Q_loss_2
0,False,600,-551,0.2361419338732958,4.571344131231308,0.4416552148759365
,success,steps,cumulated_reward,Q_loss_0,Q_loss_1,Q_loss_2
0,False,600,-560,0.22859038040041924,4.646017783880234,0.4145690374076366
,success,steps,cumulated_reward,Q_loss_0,Q_loss_1,Q_loss_2
0,False,600,-538,0.22224269285798073,4.616014063358307,0.3801834721118212
,success,steps,cumulated_reward,Q_loss_0,Q_loss_1,Q_loss_2
0,False,328,-308,0.22544991187751293,4.6048162341117855,0.41721451058983805
,success,steps,cumulated_reward,Q_loss_0,Q_loss_1,Q_loss_2
0,False,600,-568,0.23522559590637684,4.64216485619545,0.40490514524281024
,success,steps,cumulated_reward,Q_loss_0,Q_loss_1,Q_loss_2
0,True,41,-41,0.22827673852443695,4.5042750358581545,0.3919313348829746
,success,steps,cumulated_reward,Q_loss_0,Q_loss_1,Q_loss_2
0,False,600,-542,0.2367252953350544,4.632344269752503,0.3768913153558969
,success,steps,cumulated_reward,Q_loss_0,Q_loss_1,Q_loss_2
0,False,600,-581,0.22707787603139878,4.532007187604904,0.3869791328907013
,success,steps,cumulated_reward,Q_loss_0,Q_loss_1,Q_loss_2
0,False,600,-563,0.22965736389160157,4.463337016105652,0.3978192172944546
,success,steps,cumulated_reward,Q_loss_0,Q_loss_1,Q_loss_2
0,False,600,-544,0.2258245103061199,4.54266774058342,0.42674254849553106
,success,steps,cumulated_reward,Q_loss_0,Q_loss_1,Q_loss_2
0,True,68,-63,0.22239130660891532,4.4653570592403415,0.4320071380585432
,success,steps,cumulated_reward,Q_loss_0,Q_loss_1,Q_loss_2
0,False,600,-567,0.24241136983036995,4.4746312439441684,0.4031982451677322
,success,steps,cumulated_reward,Q_loss_0,Q_loss_1,Q_loss_2
0,False,600,-591,0.23486792370676995,4.689669305086136,0.43778745234012606
,success,steps,cumulated_reward,Q_loss_0,Q_loss_1,Q_loss_2
0,False,600,-544,0.2331133846193552,4.6911126434803005,0.3874167311936617
,success,steps,cumulated_reward,Q_loss_0,Q_loss_1,Q_loss_2
0,False,600,-574,0.21320887580513953,4.515835684537888,0.37767656706273556
,success,steps,cumulated_reward,Q_loss_0,Q_loss_1,Q_loss_2
0,False,600,-563,0.22088410146534443,4.60795869231224,0.42349888347089293
,success,steps,cumulated_reward,Q_loss_0,Q_loss_1,Q_loss_2
0,True,47,-44,0.23186227828264236,4.358348071575165,0.41147231459617617
,success,steps,cumulated_reward,Q_loss_0,Q_loss_1,Q_loss_2
0,True,73,-66,0.2420260202139616,4.463207572698593,0.41710341461002826
